point_ID,set_num,game_num,point_num,serve_num,strike_index,position,x,y,z
2_7_6_1,2,7,6,1,1,hit,-11.303,0.867,2.678
2_7_6_1,2,7,6,1,1,peak,-11.303,0.867,2.678
2_7_6_1,2,7,6,1,1,bounce,-0.232,0.499,0.043
2_7_6_1,2,7,6,1,1,last,-1.644,0.464,0.405
2_7_6_2,2,7,6,2,1,hit,-11.361,1.205,2.644
2_7_6_2,2,7,6,2,1,peak,-11.361,1.205,2.644
2_7_6_2,2,7,6,2,1,net,0.0,-0.976,1.395
2_7_6_2,2,7,6,2,1,bounce,6.446,-1.819,0.035
2_7_6_2,2,7,6,2,2,hit,11.669,-2.523,1.222
2_7_6_2,2,7,6,2,2,peak,5.509,-2.994,1.507
2_7_6_2,2,7,6,2,2,net,0.0,-3.532,1.245
2_7_6_2,2,7,6,2,2,last,-1.084,-3.651,1.129
2_7_7_1,2,7,7,1,1,hit,-11.369,-0.773,2.707
2_7_7_1,2,7,7,1,1,peak,-11.369,-0.773,2.707
2_7_7_1,2,7,7,1,1,net,0.0,-0.071,1.016
2_7_7_1,2,7,7,1,1,bounce,4.932,0.334,0.038
2_7_7_1,2,7,7,1,2,hit,12.312,1.046,1.116
2_7_7_1,2,7,7,1,2,net,0.0,-1.374,7.122
2_7_7_1,2,7,7,1,2,peak,-0.163,-1.407,7.123
2_7_7_1,2,7,7,1,3,hit,-7.774,-2.942,2.639
2_7_7_1,2,7,7,1,3,net,0.0,0.009,1.514
2_7_7_1,2,7,7,1,3,bounce,6.761,2.8,0.042
2_7_7_1,2,7,7,1,4,hit,12.514,5.211,1.315
2_7_7_1,2,7,7,1,4,peak,0.754,3.573,4.503
2_7_7_1,2,7,7,1,4,net,0.0,3.461,4.484
2_7_7_1,2,7,7,1,5,hit,-5.519,2.58,2.938
2_7_7_1,2,7,7,1,5,net,0.0,1.868,1.317
2_7_7_1,2,7,7,1,5,bounce,3.786,1.393,0.034
2_7_7_1,2,7,7,1,5,peak,12.201,0.527,2.276
2_7_7_1,2,7,7,1,6,hit,13.778,0.372,2.189
2_7_7_1,2,7,7,1,6,bounce,1.612,0.281,0.038
2_7_7_1,2,7,7,1,6,peak,0.283,0.304,0.87
2_7_7_1,2,7,7,1,6,peak,0.416,0.3,0.888
2_7_7_1,2,7,7,1,6,peak,2.119,0.299,0.651
2_7_7_1,2,7,7,1,6,last,2.693,0.316,0.059
2_7_8_1,2,7,8,1,1,hit,-11.314,0.804,2.707
2_7_8_1,2,7,8,1,1,peak,-11.314,0.804,2.707
2_7_8_1,2,7,8,1,1,net,0.0,-1.683,0.934
2_7_8_1,2,7,8,1,1,bounce,-0.232,-2.178,0.035
2_7_8_1,2,7,8,1,1,last,-1.807,-4.763,0.057
2_7_8_2,2,7,8,2,1,hit,-11.246,2.306,2.593
2_7_8_2,2,7,8,2,1,peak,-11.246,2.306,2.593
2_7_8_2,2,7,8,2,1,net,0.0,-0.149,1.271
2_7_8_2,2,7,8,2,1,bounce,5.276,-0.918,0.038
2_7_8_2,2,7,8,2,2,hit,11.228,-1.884,1.337
2_7_8_2,2,7,8,2,2,peak,3.124,-0.187,1.99
2_7_8_2,2,7,8,2,2,net,0.0,0.56,1.876
2_7_8_2,2,7,8,2,3,hit,-0.493,0.683,1.836
2_7_8_2,2,7,8,2,3,net,0.0,1.113,1.344
2_7_8_2,2,7,8,2,3,bounce,1.261,2.229,0.028
2_7_8_2,2,7,8,2,3,last,10.007,10.057,8.206
2_8_1_1,2,8,1,1,1,hit,-10.997,-1.185,2.82
2_8_1_1,2,8,1,1,1,peak,-10.997,-1.185,2.82
2_8_1_1,2,8,1,1,1,net,0.0,-0.006,1.213
2_8_1_1,2,8,1,1,1,bounce,6.3,0.875,0.043
2_8_1_1,2,8,1,1,2,hit,12.263,1.849,0.923
2_8_1_1,2,8,1,1,2,net,0.0,-0.3,3.095
2_8_1_1,2,8,1,1,2,peak,-2.599,-0.744,3.181
2_8_1_1,2,8,1,1,2,bounce,-16.146,-2.982,0.032
2_8_1_1,2,8,1,1,2,last,-18.714,-3.395,1.339
2_8_2_1,2,8,2,1,1,hit,-10.912,0.618,2.768
2_8_2_1,2,8,2,1,1,peak,-10.912,0.618,2.768
2_8_2_1,2,8,2,1,1,net,0.0,-0.176,1.234
2_8_2_1,2,8,2,1,1,bounce,6.257,-0.343,0.039
2_8_2_1,2,8,2,1,2,hit,13.428,-0.385,1.134
2_8_2_1,2,8,2,1,2,peak,3.628,2.493,2.162
2_8_2_1,2,8,2,1,2,net,0.0,3.657,1.984
2_8_2_1,2,8,2,1,2,bounce,-8.073,6.479,0.025
2_8_2_1,2,8,2,1,2,peak,-13.36,8.419,1.365
2_8_2_1,2,8,2,1,2,last,-17.636,9.988,0.463
2_8_3_1,2,8,3,1,1,hit,-11.071,-0.333,2.766
2_8_3_1,2,8,3,1,1,peak,-11.071,-0.333,2.766
2_8_3_1,2,8,3,1,1,net,0.0,0.473,1.127
2_8_3_1,2,8,3,1,1,bounce,5.893,1.055,0.043
2_8_3_1,2,8,3,1,2,hit,12.688,1.825,1.038
2_8_3_1,2,8,3,1,2,peak,2.723,0.665,1.685
2_8_3_1,2,8,3,1,2,net,0.0,0.355,1.628
2_8_3_1,2,8,3,1,3,hit,-1.02,0.241,1.576
2_8_3_1,2,8,3,1,3,net,0.0,-0.24,1.479
2_8_3_1,2,8,3,1,3,bounce,6.534,-3.434,0.03
2_8_3_1,2,8,3,1,3,peak,11.315,-5.758,1.012
2_8_3_1,2,8,3,1,3,last,15.982,-8.026,0.045
2_8_4_1,2,8,4,1,1,hit,-10.949,2.604,2.749
2_8_4_1,2,8,4,1,1,peak,-10.949,2.604,2.749
2_8_4_1,2,8,4,1,1,net,0.0,-1.911,1.138
2_8_4_1,2,8,4,1,1,bounce,5.474,-4.034,0.028
2_8_4_1,2,8,4,1,1,last,14.25,-7.156,1.064
2_9_1_1,2,9,1,1,1,hit,11.159,0.907,2.905
2_9_1_1,2,9,1,1,1,peak,11.159,0.907,2.905
2_9_1_1,2,9,1,1,1,net,0.0,-0.208,0.968
2_9_1_1,2,9,1,1,1,bounce,-4.165,-0.519,0.044
2_9_1_1,2,9,1,1,2,hit,-12.679,-1.142,1.47
2_9_1_1,2,9,1,1,2,peak,-0.202,2.03,2.978
2_9_1_1,2,9,1,1,2,net,0.0,2.086,2.977
2_9_1_1,2,9,1,1,2,bounce,13.446,6.161,0.036
2_9_1_1,2,9,1,1,2,last,16.634,7.164,1.472
2_9_2_1,2,9,2,1,1,hit,12.553,-1.479,1.232
2_9_2_1,2,9,2,1,1,peak,11.586,-1.393,3.414
2_9_2_1,2,9,2,1,2,hit,11.169,-1.312,2.923
2_9_2_1,2,9,2,1,2,peak,11.169,-1.312,2.923
2_9_2_1,2,9,2,1,2,net,0.0,1.732,1.218
2_9_2_1,2,9,2,1,2,bounce,-5.304,3.461,0.032
2_9_2_1,2,9,2,1,3,hit,-12.061,5.681,1.24
2_9_2_1,2,9,2,1,3,peak,-0.527,2.73,5.245
2_9_2_1,2,9,2,1,3,net,0.0,2.573,5.233
2_9_2_1,2,9,2,1,4,hit,6.247,0.608,2.754
2_9_2_1,2,9,2,1,4,net,0.0,1.252,1.276
2_9_2_1,2,9,2,1,4,bounce,-4.446,1.694,0.043
2_9_2_1,2,9,2,1,4,peak,-12.871,2.364,1.801
2_9_2_1,2,9,2,1,5,hit,-13.94,2.454,1.768
2_9_2_1,2,9,2,1,5,peak,-1.211,1.945,6.886
2_9_2_1,2,9,2,1,5,net,0.0,1.902,6.818
2_9_2_1,2,9,2,1,6,hit,7.564,1.639,2.717
2_9_2_1,2,9,2,1,6,net,0.0,2.416,1.758
2_9_2_1,2,9,2,1,6,bounce,-8.871,3.307,0.035
2_9_2_1,2,9,2,1,7,hit,-15.409,3.957,1.236
2_9_2_1,2,9,2,1,7,peak,-4.646,0.533,2.271
2_9_2_1,2,9,2,1,7,net,0.0,-0.906,2.041
2_9_2_1,2,9,2,1,8,hit,2.074,-1.541,1.783
2_9_2_1,2,9,2,1,8,net,0.0,-2.339,1.358
2_9_2_1,2,9,2,1,8,bounce,-4.512,-4.116,0.042
2_9_2_1,2,9,2,1,8,last,-4.573,-4.14,0.042
2_9_3_1,2,9,3,1,1,hit,11.216,0.821,2.935
2_9_3_1,2,9,3,1,1,peak,11.216,0.821,2.935
2_9_3_1,2,9,3,1,1,net,0.0,-0.329,1.446
2_9_3_1,2,9,3,1,1,bounce,-7.469,-0.863,0.04
2_9_3_1,2,9,3,1,2,hit,-12.668,-1.159,0.939
2_9_3_1,2,9,3,1,2,peak,-3.693,-1.508,1.608
2_9_3_1,2,9,3,1,2,net,0.0,-1.663,1.473
2_9_3_1,2,9,3,1,2,last,1.656,-1.734,1.32
2_9_3_2,2,9,3,2,1,hit,12.029,1.34,1.009
2_9_3_2,2,9,3,2,1,peak,11.534,0.844,3.572
2_9_3_2,2,9,3,2,2,hit,11.146,0.868,2.986
2_9_3_2,2,9,3,2,2,peak,11.146,0.868,2.986
2_9_3_2,2,9,3,2,2,net,0.0,-1.017,1.01
2_9_3_2,2,9,3,2,2,bounce,-3.459,-1.324,0.046
2_9_3_2,2,9,3,2,3,hit,-11.861,-2.405,1.727
2_9_3_2,2,9,3,2,3,peak,-5.161,-0.196,2.093
2_9_3_2,2,9,3,2,3,net,0.0,1.67,1.818
2_9_3_2,2,9,3,2,4,hit,5.212,3.759,0.86
2_9_3_2,2,9,3,2,4,net,0.0,1.563,1.441
2_9_3_2,2,9,3,2,4,peak,-0.628,1.297,1.449
2_9_3_2,2,9,3,2,4,bounce,-8.584,-2.074,0.032
2_9_3_2,2,9,3,2,4,peak,-10.777,-2.929,0.671
2_9_3_2,2,9,3,2,5,hit,-11.211,-3.1,0.645
2_9_3_2,2,9,3,2,5,peak,-1.382,-0.965,1.545
2_9_3_2,2,9,3,2,5,net,0.0,-0.644,1.524
2_9_3_2,2,9,3,2,6,hit,3.913,0.304,1.227
2_9_3_2,2,9,3,2,6,peak,2.331,-0.123,1.264
2_9_3_2,2,9,3,2,6,net,0.0,-0.731,1.178
2_9_3_2,2,9,3,2,6,bounce,-6.031,-2.196,0.044
2_9_3_2,2,9,3,2,6,peak,-8.834,-2.868,0.612
2_9_3_2,2,9,3,2,7,hit,-10.599,-3.27,0.374
2_9_3_2,2,9,3,2,7,net,0.0,-3.188,1.541
2_9_3_2,2,9,3,2,7,peak,0.683,-3.169,1.546
2_9_3_2,2,9,3,2,8,hit,2.71,-3.104,1.501
2_9_3_2,2,9,3,2,8,peak,2.406,-2.985,1.503
2_9_3_2,2,9,3,2,8,net,0.0,-2.021,1.412
2_9_3_2,2,9,3,2,9,hit,-5.576,0.345,0.415
2_9_3_2,2,9,3,2,9,net,0.0,-1.523,2.237
2_9_3_2,2,9,3,2,9,peak,2.348,-2.31,2.443
2_9_3_2,2,9,3,2,10,hit,2.607,-2.399,2.441
2_9_3_2,2,9,3,2,10,net,0.0,-3.116,1.769
2_9_3_2,2,9,3,2,10,bounce,-5.565,-4.698,0.043
2_9_3_2,2,9,3,2,10,peak,-17.526,-8.062,2.716
2_9_3_2,2,9,3,2,10,last,-18.088,-8.22,2.71
2_9_4_1,2,9,4,1,1,hit,11.359,-1.062,2.956
2_9_4_1,2,9,4,1,1,peak,11.359,-1.062,2.956
2_9_4_1,2,9,4,1,1,bounce,0.216,2.017,0.045
2_9_4_1,2,9,4,1,1,last,0.919,2.018,0.084
2_9_4_2,2,9,4,2,1,hit,11.247,-1.076,2.974
2_9_4_2,2,9,4,2,1,peak,11.247,-1.076,2.974
2_9_4_2,2,9,4,2,1,net,0.0,1.688,1.298
2_9_4_2,2,9,4,2,1,bounce,-5.246,3.37,0.032
2_9_4_2,2,9,4,2,2,hit,-10.708,5.02,1.273
2_9_4_2,2,9,4,2,2,peak,-6.304,4.692,1.395
2_9_4_2,2,9,4,2,2,net,0.0,4.304,1.099
2_9_4_2,2,9,4,2,2,bounce,6.582,4.017,0.039
2_9_4_2,2,9,4,2,3,hit,7.961,3.933,0.361
2_9_4_2,2,9,4,2,3,peak,2.587,3.976,1.29
2_9_4_2,2,9,4,2,3,net,0.0,3.902,1.04
2_9_4_2,2,9,4,2,3,bounce,-3.044,3.714,0.032
2_9_4_2,2,9,4,2,4,hit,-4.772,3.671,0.766
2_9_4_2,2,9,4,2,4,net,0.0,1.326,3.498
2_9_4_2,2,9,4,2,4,peak,4.103,-0.669,4.307
2_9_4_2,2,9,4,2,4,bounce,12.576,-4.462,0.029
2_9_4_2,2,9,4,2,4,peak,16.149,-5.931,2.606
2_9_4_2,2,9,4,2,4,last,18.003,-6.693,1.897
2_10_1_1,2,10,1,1,1,hit,11.574,2.257,2.769
2_10_1_1,2,10,1,1,1,peak,11.574,2.257,2.769
2_10_1_1,2,10,1,1,1,net,0.0,-0.57,1.199
2_10_1_1,2,10,1,1,1,bounce,-5.603,-2.119,0.044
2_10_1_1,2,10,1,1,2,hit,-12.038,-3.832,1.163
2_10_1_1,2,10,1,1,2,net,0.0,-4.935,2.616
2_10_1_1,2,10,1,1,2,peak,0.14,-4.947,2.617
2_10_1_1,2,10,1,1,2,bounce,14.215,-5.98,0.03
2_10_1_1,2,10,1,1,2,last,18.017,-6.203,1.419
2_10_2_1,2,10,2,1,1,hit,11.309,-1.693,2.777
2_10_2_1,2,10,2,1,1,peak,11.309,-1.693,2.777
2_10_2_1,2,10,2,1,1,net,0.0,-1.028,1.024
2_10_2_1,2,10,2,1,1,bounce,-4.702,-0.819,0.041
2_10_2_1,2,10,2,1,1,last,-18.208,-0.296,2.481
2_10_2_2,2,10,2,2,1,hit,11.485,-1.936,2.693
2_10_2_2,2,10,2,2,1,peak,11.485,-1.936,2.693
2_10_2_2,2,10,2,2,1,net,0.0,1.117,1.241
2_10_2_2,2,10,2,2,1,bounce,-5.091,2.193,0.039
2_10_2_2,2,10,2,2,2,hit,-10.759,3.582,1.264
2_10_2_2,2,10,2,2,2,peak,-4.126,0.313,1.822
2_10_2_2,2,10,2,2,2,net,0.0,-1.699,1.584
2_10_2_2,2,10,2,2,3,hit,0.46,-1.92,1.527
2_10_2_2,2,10,2,2,3,net,0.0,-1.882,1.647
2_10_2_2,2,10,2,2,3,peak,-2.557,-1.652,1.964
2_10_2_2,2,10,2,2,4,hit,-3.977,-1.513,1.856
2_10_2_2,2,10,2,2,4,net,0.0,-0.284,1.437
2_10_2_2,2,10,2,2,4,bounce,4.936,1.227,0.038
2_10_2_2,2,10,2,2,4,peak,8.272,2.302,0.972
2_10_2_2,2,10,2,2,5,hit,10.161,2.91,0.648
2_10_2_2,2,10,2,2,5,peak,2.512,3.408,1.407
2_10_2_2,2,10,2,2,5,net,0.0,3.574,1.311
2_10_2_2,2,10,2,2,5,bounce,-6.538,3.996,0.035
2_10_2_2,2,10,2,2,5,peak,-11.643,4.378,1.176
2_10_2_2,2,10,2,2,6,hit,-13.001,4.477,1.083
2_10_2_2,2,10,2,2,6,peak,-7.082,3.814,1.299
2_10_2_2,2,10,2,2,6,net,0.0,3.089,0.945
2_10_2_2,2,10,2,2,6,bounce,-0.125,2.881,0.03
2_10_2_2,2,10,2,2,6,peak,-2.151,3.578,1.028
2_10_2_2,2,10,2,2,6,last,-6.05,6.562,0.004
2_10_3_1,2,10,3,1,1,hit,11.491,0.158,2.748
2_10_3_1,2,10,3,1,1,peak,11.491,0.158,2.748
2_10_3_1,2,10,3,1,1,net,0.0,0.042,0.886
2_10_3_1,2,10,3,1,1,bounce,0.218,0.647,0.045
2_10_3_1,2,10,3,1,1,last,1.049,2.618,0.068
2_10_3_2,2,10,3,2,1,hit,11.619,0.219,2.8
2_10_3_2,2,10,3,2,1,peak,11.619,0.219,2.8
2_10_3_2,2,10,3,2,1,net,0.0,-2.234,1.322
2_10_3_2,2,10,3,2,1,bounce,-5.37,-3.659,0.042
2_10_3_2,2,10,3,2,2,hit,-10.319,-4.794,1.301
2_10_3_2,2,10,3,2,2,peak,-0.031,0.092,2.168
2_10_3_2,2,10,3,2,2,net,0.0,0.107,2.168
2_10_3_2,2,10,3,2,2,bounce,12.788,6.417,0.036
2_10_3_2,2,10,3,2,2,last,15.763,7.825,1.074
2_10_4_1,2,10,4,1,1,hit,11.362,-1.563,2.706
2_10_4_1,2,10,4,1,1,peak,11.362,-1.563,2.706
2_10_4_1,2,10,4,1,1,net,0.0,-0.339,0.962
2_10_4_1,2,10,4,1,1,bounce,-4.305,0.046,0.043
2_10_4_1,2,10,4,1,2,hit,-12.089,0.834,1.283
2_10_4_1,2,10,4,1,2,peak,-8.007,0.721,1.405
2_10_4_1,2,10,4,1,2,peak,-2.135,0.653,1.104
2_10_4_1,2,10,4,1,2,net,0.0,0.646,0.824
2_10_4_1,2,10,4,1,2,bounce,-0.109,0.741,0.043
2_10_4_1,2,10,4,1,2,last,-0.127,0.743,0.043
2_11_1_1,2,11,1,1,1,hit,-11.558,-0.924,2.775
2_11_1_1,2,11,1,1,1,peak,-11.558,-0.924,2.775
2_11_1_1,2,11,1,1,1,net,0.0,1.469,1.156
2_11_1_1,2,11,1,1,1,bounce,5.349,2.867,0.042
2_11_1_1,2,11,1,1,2,hit,11.707,4.611,1.28
2_11_1_1,2,11,1,1,2,peak,3.98,4.126,1.917
2_11_1_1,2,11,1,1,2,net,0.0,3.996,1.715
2_11_1_1,2,11,1,1,3,hit,-1.838,3.956,1.473
2_11_1_1,2,11,1,1,3,net,0.0,3.49,1.256
2_11_1_1,2,11,1,1,3,bounce,5.085,2.114,0.042
2_11_1_1,2,11,1,1,3,peak,7.898,1.387,0.685
2_11_1_1,2,11,1,1,4,hit,9.903,0.867,0.289
2_11_1_1,2,11,1,1,4,net,0.0,0.213,2.478
2_11_1_1,2,11,1,1,4,peak,-3.709,0.035,2.682
2_11_1_1,2,11,1,1,4,bounce,-15.668,-0.246,0.037
2_11_1_1,2,11,1,1,4,last,-18.374,-0.183,1.338
2_11_2_1,2,11,2,1,1,hit,-11.465,2.498,2.698
2_11_2_1,2,11,2,1,1,peak,-11.465,2.498,2.698
2_11_2_1,2,11,2,1,1,net,0.0,-1.135,1.101
2_11_2_1,2,11,2,1,1,bounce,5.194,-2.644,0.034
2_11_2_1,2,11,2,1,2,hit,11.871,-4.515,1.098
2_11_2_1,2,11,2,1,2,peak,7.338,-2.028,1.319
2_11_2_1,2,11,2,1,2,peak,1.264,1.346,0.861
2_11_2_1,2,11,2,1,2,net,0.0,2.055,0.639
2_11_2_1,2,11,2,1,2,bounce,0.08,3.308,0.029
2_11_2_1,2,11,2,1,2,last,0.082,3.315,0.029
2_11_3_1,2,11,3,1,1,hit,-11.403,-0.803,2.717
2_11_3_1,2,11,3,1,1,peak,-11.403,-0.803,2.717
2_11_3_1,2,11,3,1,1,net,0.0,0.066,1.023
2_11_3_1,2,11,3,1,1,bounce,4.853,0.534,0.038
2_11_3_1,2,11,3,1,2,hit,12.337,1.297,1.168
2_11_3_1,2,11,3,1,2,peak,6.535,1.43,1.36
2_11_3_1,2,11,3,1,2,net,0.0,1.614,1.087
2_11_3_1,2,11,3,1,3,hit,-1.333,1.658,0.961
2_11_3_1,2,11,3,1,3,net,0.0,0.988,1.159
2_11_3_1,2,11,3,1,3,peak,2.072,-0.052,1.282
2_11_3_1,2,11,3,1,3,bounce,8.036,-3.078,0.028
2_11_3_1,2,11,3,1,4,hit,9.651,-3.989,0.647
2_11_3_1,2,11,3,1,4,net,0.0,-0.974,5.098
2_11_3_1,2,11,3,1,4,peak,-1.166,-0.574,5.16
2_11_3_1,2,11,3,1,4,bounce,-10.773,2.875,0.034
2_11_3_1,2,11,3,1,4,peak,-14.166,4.302,2.394
2_11_3_1,2,11,3,1,5,hit,-16.943,5.516,0.683
2_11_3_1,2,11,3,1,5,peak,-2.125,2.978,11.449
2_11_3_1,2,11,3,1,5,net,0.0,2.684,11.111
2_11_3_1,2,11,3,1,6,hit,7.597,1.889,2.774
2_11_3_1,2,11,3,1,6,net,0.0,2.556,1.753
2_11_3_1,2,11,3,1,6,bounce,-8.522,3.242,0.035
2_11_3_1,2,11,3,1,6,peak,-15.73,3.834,1.201
2_11_3_1,2,11,3,1,7,hit,-17.36,3.961,1.138
2_11_3_1,2,11,3,1,7,peak,-1.541,-0.63,6.669
2_11_3_1,2,11,3,1,7,net,0.0,-1.058,6.586
2_11_3_1,2,11,3,1,8,hit,7.998,-3.215,2.974
2_11_3_1,2,11,3,1,8,bounce,0.69,0.487,0.044
2_11_3_1,2,11,3,1,8,net,0.0,0.864,0.45
2_11_3_1,2,11,3,1,8,peak,0.112,1.009,0.809
2_11_3_1,2,11,3,1,8,peak,0.472,1.007,0.347
2_11_3_1,2,11,3,1,8,peak,1.001,1.021,0.599
2_11_3_1,2,11,3,1,8,last,1.357,1.024,0.085
2_11_4_1,2,11,4,1,1,hit,-11.302,0.927,2.695
2_11_4_1,2,11,4,1,1,peak,-11.302,0.927,2.695
2_11_4_1,2,11,4,1,1,net,0.0,-1.22,1.024
2_11_4_1,2,11,4,1,1,bounce,5.179,-2.08,0.034
2_11_4_1,2,11,4,1,2,hit,12.404,-3.05,0.896
2_11_4_1,2,11,4,1,2,peak,0.79,-3.516,2.029
2_11_4_1,2,11,4,1,2,net,0.0,-3.558,2.023
2_11_4_1,2,11,4,1,3,hit,-2.256,-3.678,1.937
2_11_4_1,2,11,4,1,3,net,0.0,-3.485,2.231
2_11_4_1,2,11,4,1,3,peak,1.005,-3.383,2.263
2_11_4_1,2,11,4,1,3,bounce,8.727,-2.245,0.027
2_11_4_1,2,11,4,1,4,hit,10.579,-1.938,1.269
2_11_4_1,2,11,4,1,4,peak,6.23,-2.085,1.362
2_11_4_1,2,11,4,1,4,net,0.0,-2.362,1.141
2_11_4_1,2,11,4,1,5,hit,-3.228,-2.528,0.831
2_11_4_1,2,11,4,1,5,net,0.0,-2.173,1.813
2_11_4_1,2,11,4,1,5,peak,1.958,-1.948,1.987
2_11_4_1,2,11,4,1,6,hit,5.782,-1.476,1.255
2_11_4_1,2,11,4,1,6,peak,3.002,0.262,1.497
2_11_4_1,2,11,4,1,6,net,0.0,2.322,1.161
2_11_4_1,2,11,4,1,6,bounce,-2.963,4.569,0.032
2_11_4_1,2,11,4,1,6,peak,-4.264,6.038,0.728
2_11_4_1,2,11,4,1,7,hit,-4.39,6.181,0.721
2_11_4_1,2,11,4,1,7,peak,-1.208,5.217,1.042
2_11_4_1,2,11,4,1,7,bounce,-0.042,4.649,0.03
2_11_4_1,2,11,4,1,7,peak,-0.243,4.423,0.906
2_11_4_1,2,11,4,1,7,last,-0.44,4.202,0.041
2_11_5_1,2,11,5,1,1,hit,-11.406,-0.65,2.727
2_11_5_1,2,11,5,1,1,peak,-11.406,-0.65,2.727
2_11_5_1,2,11,5,1,1,net,0.0,0.27,1.189
2_11_5_1,2,11,5,1,1,bounce,6.299,0.894,0.043
2_11_5_1,2,11,5,1,2,hit,12.45,1.602,0.967
2_11_5_1,2,11,5,1,2,peak,5.33,-0.491,1.376
2_11_5_1,2,11,5,1,2,net,0.0,-2.086,1.094
2_11_5_1,2,11,5,1,2,bounce,-5.725,-3.835,0.043
2_11_5_1,2,11,5,1,2,peak,-11.203,-5.493,0.892
2_11_5_1,2,11,5,1,2,last,-16.55,-7.111,0.055
2_11_6_1,2,11,6,1,1,hit,-11.534,0.592,2.74
2_11_6_1,2,11,6,1,1,peak,-11.534,0.592,2.74
2_11_6_1,2,11,6,1,1,net,0.0,-0.023,0.968
2_11_6_1,2,11,6,1,1,bounce,4.444,-0.074,0.037
2_11_6_1,2,11,6,1,2,hit,12.581,-0.102,1.215
2_11_6_1,2,11,6,1,2,peak,5.712,1.521,1.629
2_11_6_1,2,11,6,1,2,net,0.0,3.003,1.281
2_11_6_1,2,11,6,1,2,bounce,-6.028,4.715,0.034
2_11_6_1,2,11,6,1,2,peak,-12.025,6.508,1.052
2_11_6_1,2,11,6,1,2,last,-17.873,8.257,0.054
2_11_7_1,2,11,7,1,1,hit,-11.47,-0.796,2.738
2_11_7_1,2,11,7,1,1,peak,-11.47,-0.796,2.738
2_11_7_1,2,11,7,1,1,net,0.0,-0.051,0.92
2_11_7_1,2,11,7,1,1,bounce,-3.789,-0.867,0.045
2_11_7_1,2,11,7,1,1,last,-6.021,-1.406,0.074
2_11_7_2,2,11,7,2,1,hit,-11.413,-0.649,2.66
2_11_7_2,2,11,7,2,1,peak,-11.413,-0.649,2.66
2_11_7_2,2,11,7,2,1,net,0.0,0.322,1.304
2_11_7_2,2,11,7,2,1,bounce,5.618,1.134,0.042
2_11_7_2,2,11,7,2,2,hit,11.118,1.824,1.371
2_11_7_2,2,11,7,2,2,peak,5.195,0.368,1.749
2_11_7_2,2,11,7,2,2,net,0.0,-0.959,1.397
2_11_7_2,2,11,7,2,2,bounce,-5.685,-2.463,0.043
2_11_7_2,2,11,7,2,3,hit,-6.255,-2.583,0.286
2_11_7_2,2,11,7,2,3,net,0.0,-3.094,1.939
2_11_7_2,2,11,7,2,3,peak,0.749,-3.153,1.961
2_11_7_2,2,11,7,2,4,hit,2.531,-3.293,1.825
2_11_7_2,2,11,7,2,4,net,0.0,-3.158,1.394
2_11_7_2,2,11,7,2,4,bounce,-6.07,-2.791,0.043
2_11_7_2,2,11,7,2,4,peak,-15.001,-2.235,1.437
2_11_7_2,2,11,7,2,4,last,-17.899,-2.055,1.286
2_11_8_1,2,11,8,1,1,hit,-11.329,0.798,2.709
2_11_8_1,2,11,8,1,1,peak,-11.329,0.798,2.709
2_11_8_1,2,11,8,1,1,net,0.0,-1.183,1.179
2_11_8_1,2,11,8,1,1,bounce,5.801,-2.019,0.034
2_11_8_1,2,11,8,1,2,hit,12.641,-2.9,1.298
2_11_8_1,2,11,8,1,2,peak,4.073,-0.059,2.103
2_11_8_1,2,11,8,1,2,net,0.0,1.253,1.887
2_11_8_1,2,11,8,1,3,hit,-6.169,3.175,0.631
2_11_8_1,2,11,8,1,3,net,0.0,1.538,1.726
2_11_8_1,2,11,8,1,3,peak,1.854,1.076,1.798
2_11_8_1,2,11,8,1,3,bounce,10.138,-0.802,0.032
2_11_8_1,2,11,8,1,3,peak,11.955,-1.058,0.923
2_11_8_1,2,11,8,1,4,hit,12.596,-1.139,0.807
2_11_8_1,2,11,8,1,4,peak,2.416,-0.579,1.57
2_11_8_1,2,11,8,1,4,net,0.0,-0.428,1.522
2_11_8_1,2,11,8,1,5,hit,-2.632,-0.251,1.359
2_11_8_1,2,11,8,1,5,net,0.0,0.031,2.11
2_11_8_1,2,11,8,1,5,peak,3.614,0.424,2.519
2_11_8_1,2,11,8,1,5,bounce,11.633,1.305,0.036
2_11_8_1,2,11,8,1,6,hit,13.296,1.487,1.176
2_11_8_1,2,11,8,1,6,peak,4.211,-1.191,2.109
2_11_8_1,2,11,8,1,6,net,0.0,-2.491,1.859
2_11_8_1,2,11,8,1,7,hit,-2.821,-3.386,1.38
2_11_8_1,2,11,8,1,7,peak,-0.722,-1.089,1.68
2_11_8_1,2,11,8,1,7,net,0.0,-0.254,1.639
2_11_8_1,2,11,8,1,7,bounce,3.419,4.081,0.034
2_11_8_1,2,11,8,1,7,last,3.431,4.1,0.034
2_11_9_1,2,11,9,1,1,hit,-11.403,-0.641,2.697
2_11_9_1,2,11,9,1,1,peak,-11.403,-0.641,2.697
2_11_9_1,2,11,9,1,1,net,0.0,0.336,0.887
2_11_9_1,2,11,9,1,1,bounce,-0.191,0.465,0.043
2_11_9_1,2,11,9,1,1,last,-1.468,0.864,0.076
2_11_9_2,2,11,9,2,1,hit,-11.519,-0.766,2.665
2_11_9_2,2,11,9,2,1,peak,-11.519,-0.766,2.665
2_11_9_2,2,11,9,2,1,net,0.0,0.276,1.156
2_11_9_2,2,11,9,2,1,bounce,4.773,1.127,0.038
2_11_9_2,2,11,9,2,2,hit,11.053,2.266,1.231
2_11_9_2,2,11,9,2,2,peak,3.007,2.261,1.708
2_11_9_2,2,11,9,2,2,net,0.0,2.268,1.633
2_11_9_2,2,11,9,2,3,hit,-0.699,2.27,1.593
2_11_9_2,2,11,9,2,3,net,0.0,2.54,1.693
2_11_9_2,2,11,9,2,3,peak,1.489,3.129,1.782
2_11_9_2,2,11,9,2,3,bounce,7.645,5.777,0.029
2_11_9_2,2,11,9,2,3,last,7.681,5.795,0.029
2_11_10_1,2,11,10,1,1,hit,-11.38,0.925,2.724
2_11_10_1,2,11,10,1,1,peak,-11.38,0.925,2.724
2_11_10_1,2,11,10,1,1,net,0.0,-1.583,1.366
2_11_10_1,2,11,10,1,1,bounce,7.115,-2.818,0.033
2_11_10_1,2,11,10,1,1,last,12.372,-3.613,1.079
2_11_10_2,2,11,10,2,1,hit,-11.451,1.117,2.667
2_11_10_2,2,11,10,2,1,peak,-11.451,1.117,2.667
2_11_10_2,2,11,10,2,1,net,0.0,-0.461,1.172
2_11_10_2,2,11,10,2,1,bounce,4.699,-0.757,0.038
2_11_10_2,2,11,10,2,2,hit,10.968,-1.299,1.374
2_11_10_2,2,11,10,2,2,peak,2.925,-2.613,1.752
2_11_10_2,2,11,10,2,2,net,0.0,-3.06,1.693
2_11_10_2,2,11,10,2,2,bounce,-11.565,-4.681,0.026
2_11_10_2,2,11,10,2,2,peak,-16.39,-5.218,0.917
2_11_10_2,2,11,10,2,2,last,-16.414,-5.221,0.917
2_12_1_1,2,12,1,1,1,hit,-10.963,-0.923,2.736
2_12_1_1,2,12,1,1,1,peak,-10.963,-0.923,2.736
2_12_1_1,2,12,1,1,1,net,0.0,0.437,1.221
2_12_1_1,2,12,1,1,1,bounce,5.851,1.445,0.042
2_12_1_1,2,12,1,1,2,hit,11.99,2.595,1.09
2_12_1_1,2,12,1,1,2,peak,4.452,0.614,1.543
2_12_1_1,2,12,1,1,2,net,0.0,-0.615,1.351
2_12_1_1,2,12,1,1,3,hit,-6.061,-2.359,0.351
2_12_1_1,2,12,1,1,3,peak,-2.235,-2.693,0.809
2_12_1_1,2,12,1,1,3,net,0.0,-2.92,0.631
2_12_1_1,2,12,1,1,3,bounce,0.002,-3.015,0.034
2_12_1_1,2,12,1,1,3,peak,-0.207,-3.087,0.472
2_12_1_1,2,12,1,1,3,last,-0.405,-3.155,0.058
2_12_2_1,2,12,2,1,1,hit,-10.912,0.522,2.743
2_12_2_1,2,12,2,1,1,peak,-10.912,0.522,2.743
2_12_2_1,2,12,2,1,1,net,0.0,-0.425,1.138
2_12_2_1,2,12,2,1,1,bounce,5.483,-0.63,0.038
2_12_2_1,2,12,2,1,2,hit,12.719,-0.78,1.012
2_12_2_1,2,12,2,1,2,peak,6.658,-1.137,1.26
2_12_2_1,2,12,2,1,2,bounce,0.288,-1.595,0.045
2_12_2_1,2,12,2,1,2,peak,0.707,-1.698,0.789
2_12_2_1,2,12,2,1,2,last,1.11,-1.797,0.075
2_12_3_1,2,12,3,1,1,hit,-10.898,-0.395,2.797
2_12_3_1,2,12,3,1,1,peak,-10.898,-0.395,2.797
2_12_3_1,2,12,3,1,1,net,0.0,0.417,0.946
2_12_3_1,2,12,3,1,1,bounce,11.265,0.633,0.036
2_12_3_1,2,12,3,1,1,last,17.997,0.647,0.467
2_12_3_2,2,12,3,2,1,hit,-11.136,-0.084,2.749
2_12_3_2,2,12,3,2,1,peak,-11.136,-0.084,2.749
2_12_3_2,2,12,3,2,1,net,0.0,0.674,1.085
2_12_3_2,2,12,3,2,1,bounce,3.839,1.242,0.035
2_12_3_2,2,12,3,2,2,hit,10.488,1.926,1.514
2_12_3_2,2,12,3,2,2,peak,3.963,2.192,1.803
2_12_3_2,2,12,3,2,2,net,0.0,2.33,1.688
2_12_3_2,2,12,3,2,3,hit,-1.764,2.382,1.561
2_12_3_2,2,12,3,2,3,peak,-1.183,2.244,1.571
2_12_3_2,2,12,3,2,3,net,0.0,1.966,1.527
2_12_3_2,2,12,3,2,3,bounce,5.355,0.759,0.038
2_12_3_2,2,12,3,2,3,peak,7.914,0.247,1.052
2_12_3_2,2,12,3,2,4,hit,8.971,0.05,0.867
2_12_3_2,2,12,3,2,4,peak,3.361,-0.999,1.281
2_12_3_2,2,12,3,2,4,net,0.0,-1.588,1.114
2_12_3_2,2,12,3,2,4,bounce,-5.465,-2.486,0.043
2_12_3_2,2,12,3,2,4,peak,-10.052,-3.228,0.918
2_12_3_2,2,12,3,2,5,hit,-10.769,-3.337,0.894
2_12_3_2,2,12,3,2,5,net,0.0,-0.057,2.608
2_12_3_2,2,12,3,2,5,peak,2.308,0.684,2.674
2_12_3_2,2,12,3,2,5,bounce,15.429,5.206,0.037
2_12_3_2,2,12,3,2,5,last,19.159,6.534,1.339
2_12_4_1,2,12,4,1,1,hit,-10.913,0.685,2.806
2_12_4_1,2,12,4,1,1,peak,-10.913,0.685,2.806
2_12_4_1,2,12,4,1,1,net,0.0,-2.506,1.18
2_12_4_1,2,12,4,1,1,bounce,5.734,-4.021,0.027
2_12_4_1,2,12,4,1,1,last,14.349,-6.031,1.084
2_12_5_1,2,12,5,1,1,hit,-11.068,-0.909,2.735
2_12_5_1,2,12,5,1,1,peak,-11.068,-0.909,2.735
2_12_5_1,2,12,5,1,1,net,0.0,0.085,1.012
2_12_5_1,2,12,5,1,1,bounce,4.984,0.633,0.037
2_12_5_1,2,12,5,1,2,hit,11.87,1.495,1.074
2_12_5_1,2,12,5,1,2,peak,1.869,2.351,2.566
2_12_5_1,2,12,5,1,2,net,0.0,2.551,2.505
2_12_5_1,2,12,5,1,3,hit,-1.103,2.675,2.409
2_12_5_1,2,12,5,1,3,net,0.0,1.129,1.997
2_12_5_1,2,12,5,1,3,bounce,2.317,-2.241,0.026
2_12_5_1,2,12,5,1,4,hit,4.106,-4.269,1.351
2_12_5_1,2,12,5,1,4,peak,2.719,-4.047,1.401
2_12_5_1,2,12,5,1,4,net,0.0,-3.593,1.199
2_12_5_1,2,12,5,1,4,bounce,-4.141,-2.871,0.043
2_12_5_1,2,12,5,1,5,hit,-4.787,-2.74,0.414
2_12_5_1,2,12,5,1,5,net,0.0,-0.587,1.671
2_12_5_1,2,12,5,1,5,peak,1.982,0.359,1.804
2_12_5_1,2,12,5,1,6,hit,5.228,1.98,1.4
2_12_5_1,2,12,5,1,6,net,0.0,0.653,1.764
2_12_5_1,2,12,5,1,6,peak,-0.628,0.499,1.769
2_12_5_1,2,12,5,1,7,hit,-2.964,-0.063,1.699
2_12_5_1,2,12,5,1,7,peak,-2.092,-0.136,1.708
2_12_5_1,2,12,5,1,7,net,0.0,-0.322,1.655
2_12_5_1,2,12,5,1,8,hit,4.536,-0.759,1.13
2_12_5_1,2,12,5,1,8,peak,1.911,0.053,1.391
2_12_5_1,2,12,5,1,8,net,0.0,0.668,1.246
2_12_5_1,2,12,5,1,8,bounce,-3.791,1.943,0.045
2_12_5_1,2,12,5,1,9,hit,-5.143,2.516,0.759
2_12_5_1,2,12,5,1,9,peak,-0.375,3.324,1.275
2_12_5_1,2,12,5,1,9,net,0.0,3.391,1.271
2_12_5_1,2,12,5,1,10,hit,2.307,3.816,1.092
2_12_5_1,2,12,5,1,10,peak,0.538,3.784,1.153
2_12_5_1,2,12,5,1,10,net,0.0,3.775,1.147
2_12_5_1,2,12,5,1,11,hit,-6.289,3.716,0.103
2_12_5_1,2,12,5,1,11,peak,-3.155,0.458,1.914
2_12_5_1,2,12,5,1,11,bounce,-0.491,-2.386,0.036
2_12_5_1,2,12,5,1,11,net,0.0,-2.909,0.793
2_12_5_1,2,12,5,1,11,peak,0.683,-3.638,1.198
2_12_5_1,2,12,5,1,11,last,1.835,-4.866,0.047
2_12_6_1,2,12,6,1,1,hit,-10.809,0.748,2.745
2_12_6_1,2,12,6,1,1,peak,-10.809,0.748,2.745
2_12_6_1,2,12,6,1,1,net,0.0,-1.057,1.043
2_12_6_1,2,12,6,1,1,bounce,4.764,-1.617,0.036
2_12_6_1,2,12,6,1,2,hit,12.983,-2.393,1.208
2_12_6_1,2,12,6,1,2,peak,4.348,-1.268,3.173
2_12_6_1,2,12,6,1,2,net,0.0,-0.583,2.506
2_12_6_1,2,12,6,1,3,hit,-0.692,-0.467,2.262
2_12_6_1,2,12,6,1,3,net,0.0,0.125,1.726
2_12_6_1,2,12,6,1,3,bounce,2.128,1.95,0.036
2_12_6_1,2,12,6,1,3,last,8.549,7.396,4.822
2_12_7_1,2,12,7,1,1,hit,-10.972,-0.424,2.758
2_12_7_1,2,12,7,1,1,peak,-10.972,-0.424,2.758
2_12_7_1,2,12,7,1,1,net,0.0,2.353,1.092
2_12_7_1,2,12,7,1,1,bounce,4.709,3.901,0.038
2_12_7_1,2,12,7,1,1,last,10.329,5.877,0.972
2_12_8_1,2,12,8,1,1,hit,-10.873,2.53,2.785
2_12_8_1,2,12,8,1,1,peak,-10.873,2.53,2.785
2_12_8_1,2,12,8,1,1,net,0.0,-1.257,1.322
2_12_8_1,2,12,8,1,1,bounce,7.343,-3.547,0.027
2_12_8_1,2,12,8,1,2,hit,12.662,-5.105,0.806
2_12_8_1,2,12,8,1,2,peak,0.49,-3.012,1.682
2_12_8_1,2,12,8,1,2,net,0.0,-2.927,1.68
2_12_8_1,2,12,8,1,3,hit,-1.277,-2.707,1.662
2_12_8_1,2,12,8,1,3,net,0.0,-1.068,1.202
2_12_8_1,2,12,8,1,3,bounce,1.811,1.443,0.037
2_12_8_1,2,12,8,1,3,peak,4.249,5.029,1.286
2_12_8_1,2,12,8,1,3,last,6.642,8.549,0.049
2_12_8_2,2,12,8,2,1,hit,-10.905,1.218,2.752
2_12_8_2,2,12,8,2,1,peak,-10.905,1.218,2.752
2_12_8_2,2,12,8,2,1,net,0.0,-1.639,1.213
2_12_8_2,2,12,8,2,1,bounce,4.075,-2.298,0.03
2_12_8_2,2,12,8,2,2,hit,10.376,-3.74,1.565
2_12_8_2,2,12,8,2,2,peak,5.384,-1.962,1.734
2_12_8_2,2,12,8,2,2,net,0.0,-0.038,1.503
2_12_8_2,2,12,8,2,2,bounce,-8.314,2.981,0.035
2_12_8_2,2,12,8,2,3,hit,-11.01,3.955,0.741
2_12_8_2,2,12,8,2,3,peak,-0.76,4.288,1.625
2_12_8_2,2,12,8,2,3,net,0.0,4.332,1.619
2_12_8_2,2,12,8,2,4,hit,0.953,4.391,1.595
2_12_8_2,2,12,8,2,4,peak,0.818,4.353,1.597
2_12_8_2,2,12,8,2,4,net,0.0,4.12,1.529
2_12_8_2,2,12,8,2,4,bounce,-2.862,3.265,0.032
2_12_8_2,2,12,8,2,4,last,-2.873,3.262,0.031
2_12_9_1,2,12,9,1,1,hit,-10.977,-0.283,2.786
2_12_9_1,2,12,9,1,1,peak,-10.977,-0.283,2.786
2_12_9_1,2,12,9,1,1,net,0.0,-0.019,0.866
2_12_9_1,2,12,9,1,1,bounce,-0.173,-1.802,0.043
2_12_9_1,2,12,9,1,1,last,-0.389,-4.169,0.076
2_12_9_2,2,12,9,2,1,hit,-11.16,-0.079,2.762
2_12_9_2,2,12,9,2,1,peak,-11.16,-0.079,2.762
2_12_9_2,2,12,9,2,1,net,0.0,1.073,1.259
2_12_9_2,2,12,9,2,1,bounce,4.231,1.949,0.036
2_12_9_2,2,12,9,2,2,hit,9.815,2.689,1.368
2_12_9_2,2,12,9,2,2,peak,6.677,1.521,1.424
2_12_9_2,2,12,9,2,2,net,0.0,-0.834,1.141
2_12_9_2,2,12,9,2,2,bounce,-7.477,-3.303,0.036
2_12_9_2,2,12,9,2,3,hit,-10.053,-4.11,0.494
2_12_9_2,2,12,9,2,3,net,0.0,-3.3,5.711
2_12_9_2,2,12,9,2,3,peak,2.301,-3.029,5.957
2_12_9_2,2,12,9,2,3,bounce,12.143,-1.395,0.033
2_12_9_2,2,12,9,2,3,peak,16.268,-0.504,3.142
2_12_9_2,2,12,9,2,3,last,18.019,-0.126,2.571
2_12_10_1,2,12,10,1,1,hit,-10.873,0.729,2.798
2_12_10_1,2,12,10,1,1,peak,-10.873,0.729,2.798
2_12_10_1,2,12,10,1,1,net,0.0,-2.161,0.968
2_12_10_1,2,12,10,1,1,bounce,8.281,-8.545,0.028
2_12_10_1,2,12,10,1,1,last,10.015,-10.016,2.829
2_12_10_2,2,12,10,2,1,hit,-11.067,1.148,2.774
2_12_10_2,2,12,10,2,1,peak,-11.067,1.148,2.774
2_12_10_2,2,12,10,2,1,net,0.0,-1.888,1.38
2_12_10_2,2,12,10,2,1,bounce,5.087,-2.831,0.03
2_12_10_2,2,12,10,2,2,hit,10.447,-4.176,1.394
2_12_10_2,2,12,10,2,2,peak,0.42,-4.072,2.111
2_12_10_2,2,12,10,2,2,net,0.0,-4.074,2.109
2_12_10_2,2,12,10,2,2,bounce,-13.634,-4.516,0.026
2_12_10_2,2,12,10,2,2,last,-16.733,-4.713,0.904
2_12_11_1,2,12,11,1,1,hit,-10.943,-1.048,2.753
2_12_11_1,2,12,11,1,1,peak,-10.943,-1.048,2.753
2_12_11_1,2,12,11,1,1,net,0.0,0.775,1.216
2_12_11_1,2,12,11,1,1,bounce,5.704,2.096,0.042
2_12_11_1,2,12,11,1,2,hit,12.159,3.695,1.338
2_12_11_1,2,12,11,1,2,peak,8.357,1.249,1.592
2_12_11_1,2,12,11,1,2,net,0.0,-3.836,0.048
2_12_11_1,2,12,11,1,2,bounce,-0.034,-3.856,0.034
2_12_11_1,2,12,11,1,2,last,-0.064,-3.874,0.034
